<?xml version="1.0" encoding="UTF-8"?><!-- Published by JAX-WS RI (http://jax-ws.java.net). RI's version is JAX-WS RI 2.2.9-b130926.1035 svn-revision#5f6196f2b90e9460065a4c2f4e30e065b245e51e. --><!-- Generated by JAX-WS RI (http://jax-ws.java.net). RI's version is JAX-WS RI 2.2.9-b130926.1035 svn-revision#5f6196f2b90e9460065a4c2f4e30e065b245e51e. --><definitions xmlns:wsu="http://docs.oasis-open.org/wss/2004/01/oasis-200401-wss-wssecurity-utility-1.0.xsd" xmlns:wsp="http://www.w3.org/ns/ws-policy" xmlns:wsp1_2="http://schemas.xmlsoap.org/ws/2004/09/policy" xmlns:wsam="http://www.w3.org/2007/05/addressing/metadata" xmlns:soap="http://schemas.xmlsoap.org/wsdl/soap/" xmlns:tns="http://se457.depaul.edu/" xmlns:xsd="http://www.w3.org/2001/XMLSchema" xmlns="http://schemas.xmlsoap.org/wsdl/" targetNamespace="http://se457.depaul.edu/" name="QuoteServiceImplmentationService">
<types>
<xsd:schema>
<xsd:import namespace="http://se457.depaul.edu/" schemaLocation="http://localhost:8888/quotes?xsd=1"></xsd:import>
</xsd:schema>
</types>
<message name="addQuote">
<part name="parameters" element="tns:addQuote"></part>
</message>
<message name="addQuoteResponse">
<part name="parameters" element="tns:addQuoteResponse"></part>
</message>
<message name="getQuote">
<part name="parameters" element="tns:getQuote"></part>
</message>
<message name="getQuoteResponse">
<part name="parameters" element="tns:getQuoteResponse"></part>
</message>
<portType name="QuoteServiceImplmentation">
<operation name="addQuote">
<input wsam:Action="http://se457.depaul.edu/QuoteServiceImplmentation/addQuoteRequest" message="tns:addQuote"></input>
<output wsam:Action="http://se457.depaul.edu/QuoteServiceImplmentation/addQuoteResponse" message="tns:addQuoteResponse"></output>
</operation>
<operation name="getQuote">
<input wsam:Action="http://se457.depaul.edu/QuoteServiceImplmentation/getQuoteRequest" message="tns:getQuote"></input>
<output wsam:Action="http://se457.depaul.edu/QuoteServiceImplmentation/getQuoteResponse" message="tns:getQuoteResponse"></output>
</operation>
</portType>
<binding name="QuoteServiceImplmentationPortBinding" type="tns:QuoteServiceImplmentation">
<soap:binding transport="http://schemas.xmlsoap.org/soap/http" style="document"></soap:binding>
<operation name="addQuote">
<soap:operation soapAction=""></soap:operation>
<input>
<soap:body use="literal"></soap:body>
</input>
<output>
<soap:body use="literal"></soap:body>
</output>
</operation>
<operation name="getQuote">
<soap:operation soapAction=""></soap:operation>
<input>
<soap:body use="literal"></soap:body>
</input>
<output>
<soap:body use="literal"></soap:body>
</output>
</operation>
</binding>
<service name="QuoteServiceImplmentationService">
<port name="QuoteServiceImplmentationPort" binding="tns:QuoteServiceImplmentationPortBinding">
<soap:address location="http://localhost:8888/quotes"></soap:address>
</port>
</service>
</definitions>